N, Good, Mediocre, Bad
128,3001625.0,3829874.0,982542.0
256,3232875.0,1185500.0,298541.0
512,3843625.0,2164125.0,298917.0
1024,7733667.0,4253791.0,485667.0
2048,1.5578416E7,6746249.0,811459.0
4096,3.0172543E7,1.1978333E7,1277250.0
8192,6.27475E7,2.3993291E7,4822666.0
16384,1.24740916E8,5.053375E7,2.0851125E7
32768,2.56967958E8,1.12090293E8,8.131675E7
65536,5.12714626E8,2.41373541E8,3.21708167E8
131072,1.007828583E9,5.23931709E8,1.419363E9
